{
      "439_12": 0.1009652044071397,
      "439_232": 0.42947378419452503,
      "439_233": 0.18791108755125263,
      "439_234": 0.1561325929832143,
      "439_236": 0.09140088537846419,
      "439_3": 0.2516394990494418,
      "439_5": 0.2386846400742502,
      "487_100": 0.3823044453238335,
      "487_101": 0.4872875152500964,
      "487_102": 0.2297640207290216,
      "487_20": 0.09139326933121038,
      "487_21": 0.10207873955385355,
      "487_22": 0.4348331539289588,
      "487_24": 0.17917267011918983,
      "487_25": 0.5618561400309968,
      "487_28": 0.1684880452610208
}