{
      "439_1": 0.13878469617404351,
      "439_12": 0.40637323500116046,
      "439_13": 0.1571355375703202,
      "439_232": NaN,
      "439_233": 0.7451298427146941,
      "439_234": 0.5579948058992201,
      "439_235": 0.1679881459384138,
      "439_236": 0.21400939095455493,
      "439_3": 0.43633382326807624,
      "439_5": 0.3783708852879939
}