{
      "494_104": 0.7061153091465617,
      "494_106": 0.5965126065729435,
      "494_108": 0.5420026677173942,
      "494_41": 0.5528412202869976,
      "494_43": 0.715832941869198,
      "494_44": 0.45707367651610664,
      "494_49": 0.4630381025179048,
      "494_67": 0.5412073606204142
}