{
      "494_104": 0.5191099169860549,
      "494_106": 0.5441870614927051,
      "494_107": 0.2250383927761485,
      "494_108": 0.6931085466346246,
      "494_41": 0.16666666666666663,
      "494_43": 0.5905618224509793,
      "494_44": 0.2783592294282398,
      "494_46": 0.31527808415813474,
      "494_49": 0.48373776504949895,
      "494_67": 0.4963501530488806
}