{
      "492_31": 0.41391324678623387,
      "492_32": 0.23632534183597834,
      "492_33": 0.4380367017728946,
      "492_34": 0.33031784824584587,
      "492_36": 0.1012691898464812,
      "492_37": 0.5231967511013544,
      "492_38": 0.5332720171733639,
      "492_39": 0.41474887764472557,
      "492_40": 0.6766712899603563
}