{
      "439_1": 0.11881470367591902,
      "439_12": 0.5361122735604058,
      "439_13": 0.15351613965744398,
      "439_232": NaN,
      "439_233": 0.7192879378749181,
      "439_234": 0.5583721157740971,
      "439_235": 0.1520611874513871,
      "439_236": 0.28559605082024,
      "439_3": 0.46478339414088143,
      "439_5": 0.5643648469393183,
      "487_100": NaN,
      "487_101": NaN,
      "487_102": 0.4626460766267155,
      "487_17": 0.34790929235373674,
      "487_20": 0.44185735216377403,
      "487_21": 0.541941041807493,
      "487_22": NaN,
      "487_24": 0.43716702552774594,
      "487_25": NaN,
      "487_28": 0.44180076631775084,
      "492_128": 0.5197374799260664,
      "492_31": 0.4397302541325777,
      "492_32": 0.22370572906570632,
      "492_33": 0.3705898088484428,
      "492_34": 0.277492310067276,
      "492_36": 0.10706643417275197,
      "492_37": 0.5185160247496532,
      "492_38": 0.621668781421378,
      "492_39": 0.3733418431697897,
      "492_40": 0.6052986879932982,
      "494_104": 0.4714372788074915,
      "494_106": 0.5577825581560099,
      "494_107": 0.24465508137975328,
      "494_108": 0.6829850575403568,
      "494_41": 0.16666666666666663,
      "494_43": 0.6187665741568165,
      "494_44": 0.23682717053749147,
      "494_46": 0.28430053254824394,
      "494_49": 0.44762482205894866,
      "494_67": 0.5205549361496329,
      "502_112": 0.5500246185260274,
      "502_118": 0.7386971970498237,
      "502_45": 0.37028575352044685,
      "502_48": 0.4252538334010774,
      "502_51": 0.5575418314894611,
      "502_56": 0.24440735167834765,
      "502_57": 0.20756302521008402,
      "502_64": NaN,
      "502_71": 0.39107069607671674
}