{
      "492_32": 0.17468713824128945,
      "494_46": 0.17735265700483097
}