{
      "502_112": 0.30406674216741386,
      "502_118": 0.3825640238803463,
      "502_48": 0.5283726227109078,
      "502_51": 0.41287876905968013,
      "502_64": 1.4258312020460358,
      "502_70": 0.5135308071625598,
      "502_71": 0.3968277176649671
}