{
      "487_100": 1.380457723255507,
      "487_101": 1.4872875152501015,
      "487_102": 0.5694355851196838,
      "487_20": 0.32216250010044134,
      "487_21": 0.3642451445774016,
      "487_22": 1.4348331539289556,
      "487_24": 0.5325863247376647,
      "487_25": 1.5618561400309965,
      "487_28": 0.6024329993894626
}