{
      "439_1": {
            "11, 036ad3e516c5bf3a4b3be35b137bcbb8": [
                  0.09224806201550395
            ],
            "11, 1379719828be9ee6b08ca64edb818e2b": [
                  0.2666666666666667
            ],
            "11, 24b7e056016caf9dd296647bf0d59905": [
                  0.0356589147286821
            ],
            "11, 266c430a5f40c90947ba9db582a37f54": [
                  0.09224806201550395
            ],
            "11, 29a83a8a9641bb860a679d7e5ba52d26": [
                  0.09224806201550395
            ],
            "11, 2e09811007f834b96935dc13e91fabbc": [
                  0.09224806201550395
            ],
            "11, 4d410063822cd9be28f86701c0bc3a31": [
                  0.32473118279569885
            ],
            "13, 63ea3fef646010a7255aec506626ea32": [
                  0.1224806201550388
            ],
            "11, 65f4086dbc18fa214f5a7a49bf55b981": [
                  0.2666666666666667
            ],
            "8, 7caf725460a122ea49d40b9e770f451b": [
                  0.09457364341085273
            ],
            "11, 81b1b300e54447e821ad2a2c690e296e": [
                  0.09224806201550395
            ],
            "13, bcbf5e0ae48ef7e5439863381d1a69bf": [
                  0.005426356589147252
            ],
            "11, bfa20d86a59044ef90a4609dde03985c": [
                  0.09224806201550395
            ],
            "13, bfa20d86a59044ef90a4609dde03985c": [
                  0.08682170542635659
            ],
            "13, d99fa3a9dd5df426e62b19597322920a": [
                  0.1224806201550388
            ]
      }
}