{
      "439_12": 0.4043033756698393,
      "439_232": 1.4294737841945289,
      "439_233": 0.5174991025325263,
      "439_234": 0.5755796854522329,
      "439_236": 0.532661630364138,
      "439_3": 0.5383006423800134,
      "439_5": 0.5501740017763782
}