{
      "492_32": {
            "10, 04c32d4d95425f73b3a1d6502aed4d48": [
                  0.09090909090909094
            ],
            "8, 085d5d1e61effabc440d74ac51b91d87": [
                  0.043265516353334976
            ],
            "8, 2258803b6e4f1ef992229c3cef66d75d": [
                  0.043265516353334976
            ],
            "6, 2d0122e6c17cdb89f8eed4d75b5f5eef": [
                  0.33273242338398146
            ],
            "6, 2d66aed7a5328a988f77cbaec59fc047": [
                  0.33273242338398146
            ],
            "6, 2e0a791950a53842e60d83295368cdff": [
                  0.20521785906401285
            ]
      },
      "494_46": {
            "10, 036ad3e516c5bf3a4b3be35b137bcbb8": [
                  0.2515555555555556
            ],
            "10, 085d5d1e61effabc440d74ac51b91d87": [
                  0.233816425120773
            ],
            "10, 08fcb5ead4e963a6f0bbdbc971f4a3ee": [
                  0.233816425120773
            ],
            "17, 08fcb5ead4e963a6f0bbdbc971f4a3ee": [
                  0.05555555555555558
            ],
            "17, 0bbeaf0242180c8abffb2b8dada5a9e4": [
                  0.05555555555555558
            ],
            "10, 0bdf2c1f053650715e1f0c725d754b96": [
                  0.233816425120773
            ]
      }
}