{
      "494_107": 0.40601197973299585,
      "494_46": 0.41580915031921184
}