{
      "487_100": 1.5014880952380956,
      "487_101": 1.7127272727272727,
      "487_102": 0.48882479710391524,
      "487_17": 0.06430677584523732,
      "487_20": 0.526003225832676,
      "487_21": 0.5343955042815393,
      "487_22": 1.5016216216216214,
      "487_24": 0.4632662386251022,
      "487_25": 1.7386904761904762,
      "487_28": 0.3599776750584833
}