{
      "439_1": 0.427359263285209,
      "439_13": 0.6388131683257824,
      "439_235": 0.34966693197381343
}