{
      "492_32": 0.50496520878963,
      "492_34": 0.4731826849100527
}