{
      "492_32": 0.11813088926300365,
      "492_34": 0.15976142812184602,
      "494_107": 0.1319268415701883,
      "494_46": 0.1630985581590777,
      "502_45": 0.08818533223050191,
      "502_56": 0.07787604534280956
}