{
      "502_112": 0.4917145173758259,
      "502_118": 0.7130780301224277,
      "502_45": 0.3673874028750587,
      "502_48": 0.43479482869866737,
      "502_51": 0.5523630051839259,
      "502_56": 0.2748767862378875,
      "502_57": 0.2495798319327731,
      "502_64": NaN,
      "502_70": 0.5333456236581601,
      "502_71": 0.4022704339461395
}