{
      "502_45": 0.4298436738888437,
      "502_56": 0.4006144316508774
}